Jahr,Highway_Gruppe,VTM_Mrd_km
2016,Highway,244.0
2016,Non-Urban,193.0
2016,Urban,278.0
2016,Unclassified,35.0
2017,Highway,246.4
2017,Non-Urban,195.0
2017,Urban,279.0
2017,Unclassified,34.0
2018,Highway,249.0
2018,Non-Urban,197.0
2018,Urban,280.0
2018,Unclassified,31.0
2019,Highway,252.0
2019,Non-Urban,198.0
2019,Urban,272.0
2019,Unclassified,33.0
2020,Highway,200.0
2020,Non-Urban,162.0
2020,Urban,236.0
2020,Unclassified,65.0
2021,Highway,204.0
2021,Non-Urban,175.0
2021,Urban,251.0
2021,Unclassified,50.0
2022,Highway,224.0
2022,Non-Urban,188.0
2022,Urban,263.0
2022,Unclassified,36.0
2023,Highway,228.0
2023,Non-Urban,190.0
2023,Urban,256.0
2023,Unclassified,35.0
2024,Highway,230.2
2024,Non-Urban,191.0
2024,Urban,257.0
2024,Unclassified,35.0
